,City,Lat,Lng,Max Temp,Humidity,Cloudiness,Wind Speed,Country,Date
0,Bluffton,32.24,-80.86,6.67,93,90,3.6,US,1608196116
1,Mataura,-46.19,168.86,12.22,83,96,1.79,NZ,1608196117
2,Albany,42.6,-73.97,-7.78,76,100,0.45,US,1608196118
3,Jinchang,38.5,102.17,-6.79,80,100,0.71,CN,1608196121
4,Punta Arenas,-53.15,-70.92,6.67,70,100,6.7,CL,1608196089
5,Thompson,55.74,-97.86,-29.0,75,40,1.43,CA,1608196123
6,Qaanaaq,77.48,-69.36,-15.88,71,0,3.16,GL,1608196125
7,Ushuaia,-54.8,-68.3,4.0,93,75,9.8,AR,1608196126
8,Cape Town,-33.93,18.42,22.22,56,0,9.3,ZA,1608196127
9,Waipawa,-41.41,175.52,17.0,77,98,4.1,NZ,1608196128
10,Bluff,-46.6,168.33,12.22,83,92,1.79,NZ,1608196129
11,Banda Aceh,5.56,95.32,27.05,75,100,1.4,ID,1608196131
12,Rikitea,-23.12,-134.97,24.68,76,0,5.38,PF,1608196132
13,Cosalá,24.41,-106.69,13.67,42,0,1.57,MX,1608196133
14,Avarua,-21.21,-159.78,28.0,78,80,4.1,CK,1608196135
15,Nikolskoye,59.7,30.79,1.11,86,90,6.0,RU,1608196138
16,Airai,-8.93,125.41,18.7,100,100,1.33,TL,1608196139
17,Arraial do Cabo,-22.97,-42.03,24.0,88,75,5.1,BR,1608196140
18,Iqaluit,63.75,-68.51,-17.0,64,90,4.6,CA,1608196141
19,Talnakh,69.49,88.4,-20.0,83,100,12.0,RU,1608196142
20,New Norfolk,-42.78,147.06,16.67,88,97,1.2,AU,1608196144
21,Saint-Philippe,-21.36,55.77,29.0,70,0,8.7,RE,1608196145
22,Benguela,-12.58,13.41,27.0,61,20,1.5,AO,1608196146
23,Zhangye,38.93,100.45,-5.99,77,100,0.63,CN,1608196147
24,Yuyao,30.05,121.15,9.44,61,40,3.0,CN,1608196148
25,Geraldton,-28.77,114.6,26.0,54,0,11.8,AU,1608196058
26,Chui,-33.7,-53.46,16.83,95,0,1.84,UY,1608196151
27,Bose,45.46,8.01,9.44,80,22,0.76,IT,1608196152
28,Destin,30.39,-86.5,7.0,70,90,6.2,US,1608196153
29,Soyo,-6.13,12.37,25.85,78,100,2.67,AO,1608196154
30,Huilong,31.81,121.66,7.22,67,2,0.89,CN,1608195906
31,Hobart,-42.88,147.33,16.67,87,75,3.1,AU,1608195876
32,Leningradskiy,69.38,178.42,-9.9,94,100,13.1,RU,1608196158
33,Tuktoyaktuk,69.45,-133.04,-24.32,91,99,0.79,CA,1608196159
34,Kapaa,22.08,-159.32,26.0,74,75,5.7,US,1608196124
35,Mar del Plata,-38.0,-57.56,16.67,62,0,4.6,AR,1608196162
36,Freeport,40.66,-73.58,1.11,86,90,8.7,US,1608196163
37,Busselton,-33.65,115.33,25.0,47,0,2.24,AU,1608196164
38,Vaini,-21.2,-175.2,24.0,83,75,3.1,TO,1608196165
39,Fjellstrand,59.8,10.62,3.33,1,100,2.66,NO,1608196166
40,Bratsk,56.13,101.61,-20.0,76,33,4.0,RU,1608196071
41,Evensk,61.95,159.23,-17.57,85,91,6.79,RU,1608196169
42,Abu Kamal,34.45,40.92,17.35,52,12,1.72,SY,1608196170
43,Provideniya,64.38,-173.3,-11.27,94,99,9.03,RU,1608196171
44,Jamame,0.07,42.75,33.63,40,0,5.22,SO,1608196174
45,Upernavik,72.79,-56.15,-10.49,83,33,2.09,GL,1608196175
46,Mizdah,31.45,12.98,13.39,41,0,4.02,LY,1608196176
47,Lebu,-37.62,-73.65,11.06,89,69,6.34,CL,1608196177
48,Kajaani,64.23,27.73,-5.0,79,75,2.1,FI,1608196178
49,Kaabong,3.48,34.15,26.86,30,20,7.07,UG,1608196180
50,Ruwi,23.6,58.55,25.0,41,20,5.1,OM,1608196181
51,Ziarat,30.38,67.73,5.98,51,0,3.46,PK,1608196182
52,Kovdor,67.57,30.48,-12.2,96,0,2.32,RU,1608196183
53,Krasnosel'kup,65.7,82.47,-16.26,93,100,7.91,RU,1608196184
54,Vaitape,-16.52,-151.75,27.24,78,42,9.49,PF,1608196186
55,Kudahuvadhoo,2.67,72.89,28.0,68,66,1.98,MV,1608195999
56,Acacías,3.99,-73.76,20.13,84,99,2.1,CO,1608196188
57,Tacoma,47.25,-122.44,8.33,81,40,6.7,US,1608196188
58,Kota Kinabalu,5.97,116.07,28.0,83,20,0.5,MY,1608195576
59,Sitka,57.05,-135.33,4.0,80,75,2.6,US,1608196192
60,Hermanus,-34.42,19.23,22.22,65,100,1.79,ZA,1608196193
61,Seoul,37.57,126.98,0.0,83,1,0.64,KR,1608195878
62,Havre-St-Pierre,50.23,-63.6,-16.0,65,1,4.6,CA,1608196196
63,Alice Springs,-23.7,133.88,40.0,12,6,3.6,AU,1608195908
64,Troitskoye,52.98,84.68,-8.27,93,100,5.89,RU,1608196199
65,Bengkulu,-3.8,102.27,27.23,79,100,4.45,ID,1608196130
66,Mahabalipuram,12.63,80.17,30.0,70,75,5.1,IN,1608196202
67,Juneau,58.3,-134.42,-1.0,92,90,3.6,US,1608196204
68,Meulaboh,4.14,96.13,26.66,80,100,0.59,ID,1608196205
69,Iskateley,67.68,53.15,-12.81,90,0,3.04,RU,1608196206
70,Bethel,41.37,-73.41,-4.0,85,100,4.1,US,1608196207
71,Fortuna,40.6,-124.16,11.11,100,90,1.5,US,1608196208
72,Asău,46.43,26.4,1.11,100,100,0.69,RO,1608196210
73,Hobyo,5.35,48.53,28.6,62,34,9.15,SO,1608196211
74,Ponta do Sol,32.67,-17.1,15.0,77,20,2.6,PT,1608196212
75,Ahipara,-35.17,173.17,14.54,85,0,4.06,NZ,1608196213
76,Papara,-3.98,-38.73,27.22,83,40,5.1,BR,1608196214
77,Florianópolis,-27.61,-48.5,23.0,94,75,2.6,BR,1608196216
78,Paraty,-23.22,-44.71,23.47,83,100,1.27,BR,1608196217
79,Clyde River,70.47,-68.59,-21.0,91,75,1.5,CA,1608196218
80,Hilo,19.73,-155.09,22.0,78,1,1.5,US,1608196219
81,Emporia,38.4,-96.18,-6.0,92,90,3.6,US,1608195971
82,Şarkîkaraağaç,38.08,31.37,8.3,61,3,2.27,TR,1608196222
83,Lewistown,40.6,-77.57,-4.0,100,90,3.6,US,1608196184
84,Half Moon Bay,37.46,-122.43,13.0,93,90,4.6,US,1608196224
85,Bredasdorp,-34.53,20.04,21.0,60,75,1.5,ZA,1608196225
86,Cleethorpes,53.56,-0.03,5.56,100,0,4.6,GB,1608196226
87,Lamu,-2.27,40.9,30.0,66,75,2.6,KE,1608196029
88,Karratha,-20.74,116.85,31.98,53,5,6.15,AU,1608196014
89,Riberalta,-10.98,-66.1,21.58,92,81,0.38,BO,1608196230
90,Dikson,73.51,80.55,-28.87,87,100,7.38,RU,1608196231
91,Avanigadda,16.02,80.92,30.0,58,20,2.6,IN,1608196232
92,Yellowknife,62.46,-114.35,-38.0,65,75,2.1,CA,1608196234
93,Velykyy Burluk,50.04,37.4,-0.96,98,100,3.01,UA,1608196235
94,Brandfort,-28.7,26.46,26.0,54,20,5.1,ZA,1608196239
95,Hidalgotitlán,17.78,-94.63,19.51,93,96,5.2,MX,1608196241
96,Russellville,35.28,-93.13,-1.11,92,90,1.03,US,1608196039
97,Ixtapa,20.7,-105.2,19.44,93,6,0.45,MX,1608196244
98,Dongsheng,39.82,109.98,-11.41,88,24,4.22,CN,1608196245
99,Pevek,69.7,170.31,-14.04,91,23,3.43,RU,1608196246
100,Kpandae,8.47,-0.01,29.8,56,63,1.95,GH,1608196122
101,Makubetsu,45.37,141.82,-6.0,73,75,8.7,JP,1608196200
102,Saint Paul Harbor,57.79,-152.41,1.0,86,90,3.49,US,1608196251
103,Pimampiro,0.4,-77.97,14.05,70,38,1.57,EC,1608196252
104,Orapa,-21.28,25.37,19.76,91,100,7.42,BW,1608196253
105,Suzdal,56.43,40.44,1.43,97,100,5.41,RU,1608196255
106,Port Elizabeth,-33.92,25.57,23.0,69,20,7.7,ZA,1608196257
107,Trairi,-3.28,-39.27,26.26,78,75,3.83,BR,1608196258
108,Port Alfred,-33.59,26.89,23.33,80,78,2.24,ZA,1608196259
109,Ugoofaaru,5.67,73.0,28.03,71,18,4.02,MV,1608196261
110,Ancud,-41.87,-73.82,9.44,93,75,2.6,CL,1608196262
111,Butaritari,3.07,172.79,27.97,81,100,7.7,KI,1608196263
112,Husavik,66.04,-17.34,2.0,80,90,4.1,IS,1608196264
113,Jamestown,42.1,-79.24,-4.44,92,90,3.6,US,1608196265
114,Quatre Cocos,-20.21,57.76,28.33,69,75,5.1,MU,1608196268
115,Nizwá,22.93,57.53,25.48,20,0,2.94,OM,1608196269
116,Nanortalik,60.14,-45.24,0.43,86,100,3.41,GL,1608196270
117,Kavieng,-2.57,150.8,28.98,72,100,3.14,PG,1608196272
118,Ayr,55.46,-4.63,8.33,87,90,6.2,GB,1608196273
119,Norman Wells,65.28,-126.83,-44.0,71,20,1.26,CA,1608196274
120,Harper,4.38,-7.72,26.77,78,100,1.33,LR,1608196275
121,Gizo Government Station,-8.1,156.84,29.09,72,31,2.79,SB,1608196276
122,Sinnamary,5.38,-52.95,25.42,86,89,3.29,GF,1608196278
123,Labuhan,-6.88,112.21,26.12,87,86,5.39,ID,1608196279
124,Tiksi,71.69,128.87,-30.08,88,92,1.13,RU,1608196280
125,Verāval,20.9,70.37,27.95,43,0,1.8,IN,1608196281
126,Itarema,-2.92,-39.92,26.71,78,100,5.49,BR,1608196282
127,Pisco,-13.7,-76.22,19.0,88,0,4.1,PE,1608196284
128,Sechura,-5.56,-80.82,20.56,80,1,3.86,PE,1608196285
129,Mitchell,43.71,-98.03,-6.0,79,1,1.5,US,1608196286
130,Gurupi,-11.73,-49.07,23.75,64,98,0.87,BR,1608196288
131,Jalu,29.03,21.55,17.29,58,58,1.46,LY,1608196290
132,Amapá,1.0,-52.0,21.62,98,16,0.89,BR,1608196291
133,Araouane,18.9,-3.53,23.55,20,23,5.66,ML,1608196292
134,Port Lincoln,-34.73,135.87,14.72,63,46,7.01,AU,1608196293
135,Severo-Kuril'sk,50.68,156.12,-0.44,92,100,6.21,RU,1608196294
136,Luebo,-5.35,21.42,23.51,93,100,1.81,CD,1608196296
137,Puerto Madero,14.72,-92.42,24.09,75,0,1.68,MX,1608196297
138,Puerto Ayora,-0.74,-90.35,21.11,94,10,0.89,EC,1608196298
139,Torbay,47.67,-52.73,-2.78,79,90,9.3,CA,1608196299
140,Amboise,47.41,0.98,9.0,100,90,5.1,FR,1608196300
141,Tsaitien,30.58,114.03,7.0,42,0,1.0,CN,1608196089
142,Gobabis,-22.45,18.97,28.0,37,0,1.5,NA,1608196211
143,Salalah,17.02,54.09,28.0,45,0,3.1,OM,1608196307
144,Barrow,71.29,-156.79,-23.0,76,1,10.3,US,1608196308
145,Pangody,65.85,74.49,-12.44,95,100,7.41,RU,1608196310
146,Andenes,69.31,16.12,0.0,90,0,6.7,NO,1608196312
147,Mahébourg,-20.41,57.7,28.0,69,75,5.1,MU,1608196313
148,Padang,-0.95,100.35,28.39,67,73,2.67,ID,1608196086
149,São Filipe,14.9,-24.5,22.97,71,100,5.21,CV,1608196315
150,Kavaratti,10.57,72.64,27.78,71,62,3.27,IN,1608196316
151,San Andrés,12.58,-81.7,27.0,83,40,4.1,CO,1608196318
152,Athabasca,54.72,-113.29,-11.0,85,97,3.6,CA,1608196320
153,George Town,5.41,100.34,28.0,78,40,2.1,MY,1608196262
154,Tsabong,-26.02,22.4,29.91,37,0,4.94,BW,1608196323
155,Batemans Bay,-35.72,150.18,23.89,63,31,0.63,AU,1608196324
156,Cortez,37.35,-108.59,-14.0,77,1,2.1,US,1608196325
157,Nome,64.5,-165.41,-12.0,60,90,5.7,US,1608196326
158,Nyaunglebin,17.95,96.73,30.51,54,58,1.17,MM,1608196328
159,Griffith,41.53,-87.42,0.0,92,90,1.13,US,1608196329
160,Yangi Marg`ilon,40.43,71.72,3.0,47,0,1.0,UZ,1608196330
161,Opoczno,51.38,20.28,3.89,10,97,25.03,PL,1608196331
162,Tocopilla,-22.09,-70.2,17.5,68,17,1.03,CL,1608196332
163,Atuona,-9.8,-139.03,25.58,78,1,8.47,PF,1608196335
164,Kuching,1.55,110.33,31.0,66,40,4.1,MY,1608196190
165,Dingle,11.0,122.67,26.56,86,82,3.77,PH,1608196337
166,Broome,42.25,-75.83,-7.78,85,90,5.7,US,1608196338
167,Khatanga,71.97,102.5,-34.91,83,0,3.27,RU,1608196341
168,Mitsamiouli,-11.38,43.28,29.17,65,36,3.37,KM,1608196342
169,Jumla,29.27,82.18,11.21,27,0,3.44,NP,1608196343
170,Constitución,-35.33,-72.42,12.29,66,0,1.69,CL,1608196344
171,Wenling,28.37,121.36,7.56,80,100,5.62,CN,1608196114
172,Dhidhdhoo,6.88,73.1,27.73,67,6,1.63,MV,1608196347
173,Ilulissat,69.22,-51.1,-8.0,52,78,1.0,GL,1608196100
174,Sisimiut,66.94,-53.67,-8.12,86,69,2.91,GL,1608196349
175,Morro Bay,35.37,-120.85,11.67,90,100,1.96,US,1608196350
176,Coquimbo,-29.95,-71.34,13.78,87,79,0.31,CL,1608196352
177,Barra de Tecoanapa,16.52,-98.75,23.17,80,80,1.8,MX,1608196353
178,Fernie,49.5,-115.07,1.0,94,100,1.0,CA,1608196354
179,Kosh-Agach,50.0,88.67,-20.54,85,99,0.39,RU,1608196355
180,East London,-33.02,27.91,23.0,73,20,7.7,ZA,1608196356
181,Rízoma,39.66,21.73,11.0,93,75,0.24,GR,1608196358
182,Khyriv,49.53,22.85,2.22,88,100,1.25,UA,1608196359
183,San Quintín,30.48,-115.95,13.76,48,48,2.03,MX,1608196360
184,Rio Claro,-22.41,-47.56,21.35,89,99,1.16,BR,1608196361
185,Bhola District,22.68,90.65,26.4,42,0,4.4,BD,1608196362
186,Naze,28.37,129.48,15.0,62,75,6.2,JP,1608196121
187,Lorengau,-2.02,147.27,28.65,73,100,1.64,PG,1608196365
188,Sulphur,30.24,-93.38,5.0,93,90,3.1,US,1608196366
189,Peterborough,52.57,-0.25,5.0,93,0,5.7,GB,1608196221
190,Yining,29.04,114.56,2.8,79,100,1.1,CN,1608196169
191,Aksu,41.12,80.26,-1.17,87,99,0.88,CN,1608196370
192,Dunoon,55.95,-4.92,8.33,85,96,0.45,GB,1608196371
193,Olafsvik,64.89,-23.71,2.58,82,53,10.26,IS,1608196372
194,Baracs,46.88,18.91,3.33,100,90,2.1,HU,1608196373
195,Fairbanks,64.84,-147.72,-20.0,44,40,3.1,US,1608196162
196,Saravan,39.72,45.65,7.0,93,90,2.1,AM,1608196281
197,Glasgow,55.87,-4.26,8.0,87,90,7.2,GB,1608196377
198,Saint-Pierre,-21.34,55.48,29.0,70,0,8.7,RE,1608196378
199,Kurchum,48.57,83.65,-16.62,88,5,0.18,KZ,1608196379
200,Saskylakh,71.92,114.08,-37.9,82,80,0.31,RU,1608196380
201,Buraidah,26.33,43.98,17.0,82,75,4.1,SA,1608196382
202,Madang,-5.22,145.8,26.61,85,91,1.12,PG,1608196383
203,Moyale,3.52,39.06,28.25,20,56,5.56,KE,1608196384
204,Algiers,36.75,3.04,13.0,82,0,2.1,DZ,1608196385
205,Phan Thiet,10.93,108.1,28.01,74,94,7.96,VN,1608196386
206,Tsimmerbude,54.67,20.13,6.0,87,75,2.0,RU,1608196388
207,Märjamaa,58.9,24.43,3.33,99,38,0.45,EE,1608196389
208,Hambantota,6.12,81.12,31.0,70,40,2.1,LK,1608196390
209,Gachsaran,30.36,50.8,12.0,87,90,3.1,IR,1608196391
210,Praia,14.92,-23.51,21.0,77,40,9.8,CV,1608196392
211,Ribeira Grande,38.52,-28.7,18.0,93,75,11.3,PT,1608196394
212,San Carlos,9.66,-68.58,22.1,84,90,1.16,VE,1608196395
213,Yerofey Pavlovich,53.97,121.97,-22.61,86,100,1.43,RU,1608196396
214,Vostok,46.49,135.88,-24.04,92,98,2.4,RU,1608196397
215,Codrington,-38.27,141.97,13.7,89,100,8.95,AU,1608196398
216,Honningsvåg,70.98,25.97,-6.0,79,40,3.1,NO,1608196400
217,Qasigiannguit,68.82,-51.19,-8.0,52,16,3.6,GL,1608196401
218,Katihar,25.53,87.58,25.77,31,0,6.58,IN,1608196324
219,Ozieri,40.59,9.0,11.0,100,75,0.5,IT,1608196403
220,Hithadhoo,-0.6,73.08,27.75,76,0,5.28,MV,1608196404
221,Sakaiminato,35.55,133.23,4.0,60,75,7.2,JP,1608196406
222,Lavrentiya,65.58,-171.0,-13.38,93,100,11.75,RU,1608196407
223,Deming,32.27,-107.76,-2.0,58,1,2.6,US,1608196408
224,Ponta Delgada,37.73,-25.67,17.0,93,40,8.7,PT,1608196409
225,Tiarei,-17.53,-149.33,27.0,61,20,2.6,PF,1608196410
226,Xánthi,41.14,24.88,10.56,81,75,3.6,GR,1608196412
227,Cherskiy,68.75,161.3,-30.71,86,95,2.09,RU,1608196413
228,Kaitangata,-46.28,169.85,12.22,78,80,6.71,NZ,1608196414
229,Port Shepstone,-30.74,30.45,24.14,74,8,5.97,ZA,1608196415
230,Hong Kong,22.29,114.16,16.11,70,60,2.33,HK,1608196384
231,Pingliang,35.54,106.69,-5.56,75,100,1.34,CN,1608196418
232,North Bend,43.41,-124.22,9.0,93,90,4.2,US,1608196419
233,Puerto Escondido,15.85,-97.07,24.09,71,0,1.79,MX,1608196420
234,Paamiut,61.99,-49.67,1.38,84,89,4.34,GL,1608196423
235,Carnarvon,-24.87,113.63,26.0,74,0,10.8,AU,1608196424
236,Narasaraopet,16.25,80.07,29.07,55,21,2.55,IN,1608196425
237,Oktyabr'skoye,43.06,44.74,0.0,90,90,1.0,RU,1608196426
238,Longyearbyen,78.22,15.64,-9.0,72,90,10.8,SJ,1608196428
239,Denpasar,-8.65,115.22,30.0,70,40,6.2,ID,1608196146
240,Estelle,29.85,-90.11,6.0,81,90,4.6,US,1608196430
241,Ha Tinh,18.33,105.9,15.06,82,100,2.44,VN,1608196431
242,Saldanha,-33.01,17.94,23.0,75,0,7.7,ZA,1608196434
243,Mazsalaca,57.86,25.05,3.89,97,100,1.34,LV,1608196436
244,Cartagena,10.4,-75.51,26.0,100,40,2.6,CO,1608196203
245,Ust-Tsilma,65.44,52.15,-11.18,96,80,2.39,RU,1608196439
246,Muscat,23.61,58.59,25.0,41,20,5.1,OM,1608196440
247,Englehart,47.82,-79.87,-23.0,83,1,1.5,CA,1608196441
248,Kalabo,-14.97,22.68,25.92,70,90,4.38,ZM,1608196442
249,Macamic,48.75,-79.0,-25.0,75,5,1.5,CA,1608196444
250,Souillac,-20.52,57.52,27.0,78,40,6.7,MU,1608196445
251,Cidreira,-30.18,-50.21,21.96,91,100,6.76,BR,1608196446
252,Umluj,25.02,37.27,22.95,40,99,4.34,SA,1608196448
253,Winschoten,53.14,7.03,9.44,98,100,1.79,NL,1608196451
254,Camaná,-16.62,-72.71,19.09,78,99,3.15,PE,1608196452
255,Faya,18.39,42.45,21.0,28,0,2.1,SA,1608196454
256,Acapetahua,15.28,-92.7,22.97,68,8,1.62,MX,1608196455
257,San Patricio,28.02,-97.52,10.0,75,1,2.6,US,1608196456
258,Coyhaique,-45.58,-72.07,9.0,81,75,1.0,CL,1608196457
259,Esperance,-33.87,121.9,20.0,49,0,8.2,AU,1608196458
260,Roald,62.58,6.13,9.0,61,40,7.2,NO,1608196460
261,Vanavara,60.34,102.28,-22.05,89,100,3.38,RU,1608196461
262,Praia da Vitória,38.73,-27.07,18.0,88,75,5.78,PT,1608196462
263,Sur,22.57,59.53,23.43,48,0,3.16,OM,1608196463
264,Valparaíso,-33.04,-71.63,9.0,100,90,1.0,CL,1608196464
265,Purulhá,15.27,-90.2,10.04,100,23,1.09,GT,1608196466
266,Kruisfontein,-34.0,24.73,25.56,53,56,3.13,ZA,1608196467
267,Aklavik,68.22,-135.01,-33.0,74,100,0.03,CA,1608196468
268,Pogranichnyy,44.41,131.38,-12.54,84,0,4.53,RU,1608196469
269,Changping,40.22,116.22,2.78,24,0,1.0,CN,1608196433
270,Kandrian,-6.22,149.55,27.41,81,93,1.48,PG,1608196472
271,Zhigalovo,54.81,105.16,-24.97,85,48,1.11,RU,1608196473
272,‘Āhuimanu,21.44,-157.84,24.0,78,13,3.6,US,1608196365
273,Cayenne,4.93,-52.33,23.0,100,90,3.64,GF,1608196475
274,Inhambupe,-11.78,-38.35,22.06,89,4,1.1,BR,1608196476
275,Kahului,20.89,-156.47,24.0,73,20,6.2,US,1608196477
276,Cabedelo,-6.98,-34.83,24.0,94,20,1.5,BR,1608196479
277,Arequipa,-16.4,-71.53,12.07,67,85,0.25,PE,1608196480
278,Salina Cruz,16.17,-95.2,22.91,69,0,7.73,MX,1608196481
279,Taoudenni,22.68,-3.98,22.24,20,0,0.86,ML,1608196482
280,Ulkan,57.24,107.32,-24.11,86,87,2.37,RU,1608196483
281,Diamantino,-14.41,-56.45,22.96,81,31,1.06,BR,1608196485
282,Champerico,14.3,-91.92,17.22,92,0,0.45,GT,1608196486
283,Beloha,-25.17,45.05,40.06,19,41,1.15,MG,1608196487
284,Arrondissement de Saint-Denis,48.92,2.33,9.44,93,75,4.6,FR,1608196488
285,Lüderitz,-26.65,15.16,18.0,72,0,3.6,NA,1608196489
286,Bambous Virieux,-20.34,57.76,28.33,78,40,6.7,MU,1608196491
287,Saint Anthony,45.02,-93.22,-3.89,68,1,2.6,US,1608196440
288,Hukuntsi,-24.0,21.75,28.66,38,0,5.21,BW,1608196495
289,Ketchikan,55.34,-131.65,5.0,80,75,5.7,US,1608196289
290,Faanui,-16.48,-151.75,26.76,80,44,9.46,PF,1608196498
291,Adrar,20.5,-10.07,18.63,29,0,6.57,MR,1608196430
292,Pulandian,39.4,121.97,1.0,50,0,5.0,CN,1608196500
293,Tahoua,14.89,5.27,22.0,24,5,3.1,NE,1608196444
294,Grand Forks,47.94,-97.43,-3.0,100,90,2.0,US,1608196502
295,Arusha,-3.37,36.68,22.0,78,75,1.89,TZ,1608196504
296,Kondol',52.82,45.06,-6.31,97,100,4.85,RU,1608196505
297,Nouadhibou,20.93,-17.03,16.0,77,0,10.8,MR,1608196506
298,Katsuura,35.13,140.3,7.22,22,20,6.2,JP,1608196507
299,Grenville,12.12,-61.62,26.0,83,20,2.6,GD,1608196508
300,Cibitung,-7.12,107.13,22.5,81,93,3.39,ID,1608196510
301,Castro,-24.79,-50.01,17.42,96,97,0.99,BR,1608196511
302,Zhaoyuan,37.36,120.4,-1.42,81,71,2.32,CN,1608196512
303,Igrim,63.19,64.42,-10.22,94,0,3.39,RU,1608196513
304,Esso,55.93,158.7,-13.7,90,92,0.64,RU,1608196514
305,Manokwari,-0.87,134.08,28.31,78,100,3.1,ID,1608196516
306,Gornopravdinsk,60.05,69.9,-7.02,96,100,4.14,RU,1608196517
307,Mount Isa,-20.73,139.5,31.0,48,40,5.1,AU,1608196518
308,Nemuro,43.32,145.57,-6.0,44,20,3.1,JP,1608196519
309,Bathsheba,13.22,-59.52,26.0,83,40,6.2,BB,1608196521
310,Inhambane,-23.86,35.38,30.0,66,75,5.1,MZ,1608196522
311,Guerrero Negro,27.98,-114.06,10.62,42,0,1.22,MX,1608196523
312,Barreirinhas,-2.75,-42.83,25.37,85,57,3.34,BR,1608196524
313,Klaksvík,62.23,-6.59,7.0,100,60,3.6,FO,1608196525
314,Key West,24.56,-81.78,24.44,94,1,2.1,US,1608196527
315,Ibrā’,22.69,58.53,25.72,18,0,2.55,OM,1608196528
316,Forsytheganj,52.63,29.73,0.41,97,90,2.51,BY,1608196529
317,Hasaki,35.73,140.83,4.0,38,20,2.6,JP,1608196465
318,Eldorado,-23.79,-54.28,21.09,98,100,3.43,BR,1608196531
319,Tyrma,50.08,132.17,-23.85,87,51,1.58,RU,1608196533
320,Cochrane,51.18,-114.47,-2.22,73,90,1.0,CA,1608196534
321,Coahuayana Viejo,18.73,-103.68,20.38,83,16,1.45,MX,1608196535
322,Mackay,-21.15,149.2,28.0,74,75,6.7,AU,1608196536
323,Frontera,26.93,-101.45,7.78,32,0,0.89,MX,1608196537
324,Port-Gentil,-0.72,8.78,28.0,78,40,4.6,GA,1608196539
325,Chifeng,42.27,118.96,-12.42,87,0,3.04,CN,1608196434
326,Mossamedes,-15.2,12.15,23.0,78,75,2.6,AO,1608196541
327,Sittwe,20.15,92.9,27.86,50,3,4.74,MM,1608196499
328,Myitkyina,25.38,97.4,26.5,41,0,0.99,MM,1608196295
329,Lagoa,39.05,-27.98,17.59,91,100,12.19,PT,1608196544
330,Rio Grande,-32.03,-52.1,19.44,95,0,5.43,BR,1608196546
331,Port Hardy,50.7,-127.42,7.0,100,90,3.1,CA,1608196547
332,Ballina,-28.87,153.57,25.0,83,40,6.2,AU,1608196548
333,Lata,40.16,-8.33,7.78,94,90,1.29,PT,1608196549
334,Charlestown,-32.95,151.67,26.67,84,94,3.47,AU,1608196380
335,Port Hedland,-20.32,118.57,32.0,66,1,7.7,AU,1608196145
336,Yulara,-25.24,130.99,38.0,18,41,3.6,AU,1608196553
337,Acapulco de Juárez,16.86,-99.89,23.17,75,32,1.7,MX,1608196408
338,Omboué,-1.57,9.26,25.58,87,100,3.05,GA,1608196555
339,Bantry,51.68,-9.45,9.0,87,75,2.6,IE,1608196556
340,Torrington,41.8,-73.12,-3.89,93,100,3.58,US,1608196558
341,Tuy Hoa,13.08,109.3,23.97,88,86,7.46,VN,1608196559
342,Tema,5.67,-0.02,28.5,73,35,4.61,GH,1608196419
343,Kamina,-8.74,24.99,23.69,87,99,0.47,CD,1608196504
344,Sikonge,-5.63,32.77,32.0,49,75,6.2,TZ,1608196462
345,Grand-Lahou,5.14,-5.02,27.77,79,87,3.34,CI,1608196564
346,São Borja,-28.66,-56.0,19.89,93,12,2.42,BR,1608196549
347,Tezu,27.92,96.17,22.92,35,6,1.05,IN,1608196566
348,Berlevåg,70.86,29.09,-3.0,53,20,4.1,NO,1608196567
349,La Santisima Trinidad,-14.83,-64.9,22.68,89,100,1.3,BO,1608196568
350,Nhulunbuy,-12.23,136.77,26.0,94,75,1.0,AU,1608196570
351,Cabo San Lucas,22.89,-109.91,13.89,83,3,1.34,MX,1608196571
352,Masoko,-9.33,33.75,28.88,53,39,2.21,TZ,1608196572
353,Isangel,-19.55,169.27,24.51,76,2,5.79,VU,1608196573
354,Buchanan,5.88,-10.05,23.0,94,75,2.1,LR,1608196574
355,Gamba,-2.65,10.0,24.39,91,100,3.69,GA,1608196577
356,Vīsāvadar,21.38,70.68,29.37,26,0,3.85,IN,1608196479
357,Leer,8.3,30.14,34.16,13,3,4.68,SS,1608196580
358,Kabinda,-6.13,24.48,26.08,78,100,1.37,CD,1608196581
359,Ramnagar,29.4,79.12,20.17,24,0,2.82,IN,1608196464
360,Broken Hill,-31.95,141.43,33.0,24,13,6.2,AU,1608196562
361,Mutoko,-17.4,32.23,24.42,65,100,3.65,ZW,1608196584
362,Gua,22.2,85.38,26.05,45,76,1.49,IN,1608196586
363,Wattegama,6.8,81.48,31.0,70,40,2.1,LK,1608196587
364,Vao,-22.67,167.48,24.3,75,26,9.02,NC,1608196588
365,Shache,38.42,77.24,-0.87,87,87,1.11,CN,1608196589
366,Itoman,26.12,127.67,17.0,63,75,6.2,JP,1608196528
367,Calama,-22.47,-68.93,9.0,49,0,6.7,CL,1608196587
368,Salinas,36.68,-121.66,13.0,81,90,1.0,US,1608196594
369,Mayumba,-3.43,10.66,23.38,92,100,3.99,GA,1608196597
370,Narsaq,60.92,-46.05,6.0,30,94,14.4,GL,1608196598
371,Ghansor,22.65,79.95,25.0,53,0,3.1,IN,1608196599
372,Laas,46.62,10.7,-5.0,85,20,1.5,IT,1608196600
373,Nishihara,26.18,127.76,17.0,51,90,4.6,JP,1608196602
374,Salta,-24.79,-65.41,17.0,93,40,1.0,AR,1608196431
375,Batagay-Alyta,67.8,130.41,-33.79,70,71,0.43,RU,1608196606
376,Yashkul',46.17,45.34,2.51,79,100,2.96,RU,1608196607
377,Turan,16.07,108.22,22.0,88,75,3.6,VN,1608196449
378,Veselynove,47.36,31.23,0.56,84,90,1.0,UA,1608196610
379,Vardø,70.37,31.11,-4.0,85,75,7.7,NO,1608196611
380,Shenjiamen,29.96,122.3,9.49,67,98,6.79,CN,1608196557
381,Kazanskoye,55.64,69.23,-7.57,94,100,6.96,RU,1608196613
382,Westport,41.14,-73.36,0.0,86,90,7.7,US,1608196615
383,Tasiilaq,65.61,-37.64,-6.0,62,92,7.7,GL,1608196616
384,Bilibino,68.05,166.44,-17.91,89,99,1.71,RU,1608196618
385,Fort Nelson,58.81,-122.7,-25.0,69,90,5.1,CA,1608196619
386,Palana,59.12,159.97,-10.8,96,100,6.65,RU,1608196620
387,Lompoc,34.64,-120.46,9.0,87,1,1.5,US,1608196622
388,West Bay,19.37,-81.42,25.56,86,5,0.45,KY,1608196625
389,Manaure,11.78,-72.44,25.64,80,30,6.39,CO,1608196626
390,Joshīmath,30.57,79.57,9.48,29,0,3.38,IN,1608196627
391,Kilindoni,-7.91,39.67,28.41,74,25,4.73,TZ,1608196628
392,Khovd,48.01,91.64,-15.48,84,3,0.98,MN,1608196566
393,Creel,27.75,-107.63,-0.27,81,0,1.86,MX,1608196631
394,St. George's,12.06,-61.75,26.0,83,20,2.6,GD,1608196575
395,Necochea,-38.55,-58.74,14.64,47,0,5.04,AR,1608196634
396,Ubari,26.59,12.78,15.4,41,47,6.64,LY,1608196549
397,Non Sang,16.87,102.57,30.56,48,20,2.1,TH,1608196637
398,Marystown,47.17,-55.15,-2.72,90,5,8.38,CA,1608196638
399,Wagar,16.15,36.2,30.58,34,0,4.11,SD,1608196639
400,Maravilha,-26.76,-53.17,20.0,100,75,3.1,BR,1608196641
401,Caravelas,-17.71,-39.25,23.76,87,12,2.05,BR,1608196643
402,Huarmey,-10.07,-78.15,20.03,84,100,2.94,PE,1608196644
403,Baykit,61.67,96.37,-21.22,87,100,1.4,RU,1608196632
404,Sibolga,1.74,98.78,26.31,83,100,0.39,ID,1608196646
405,Waynesboro,38.07,-78.89,-2.78,100,90,2.1,US,1608196482
406,Kabare,-2.47,28.82,23.48,69,99,0.54,CD,1608196649
407,Portland,45.52,-122.68,8.33,90,97,0.45,US,1608196650
408,Palmer,42.16,-72.33,-5.0,85,90,8.7,US,1608196595
409,Yarim,14.3,44.38,17.61,24,0,0.26,YE,1608196652
410,Honāvar,14.28,74.45,33.18,45,3,2.35,IN,1608196565
411,Körfez,40.78,29.73,11.11,87,75,4.1,TR,1608196550
412,Vila Velha,-20.33,-40.29,24.0,83,20,3.1,BR,1608196656
413,Thinadhoo,0.53,72.93,28.12,72,17,4.17,MV,1608196442
414,Novobirilyussy,56.95,90.67,-9.15,95,100,4.08,RU,1608196658
415,Ca Mau,9.18,105.15,29.9,64,45,4.6,VN,1608196606
416,Samarina,57.89,27.81,4.0,86,90,3.0,RU,1608196660
417,Warrnambool,-38.38,142.48,15.0,93,98,4.47,AU,1608196662
418,Alamosa,37.47,-105.87,-19.0,84,1,2.6,US,1608196650
419,Chokurdakh,70.63,147.92,-22.18,91,100,3.7,RU,1608196555
420,Broadford,-37.2,145.07,26.11,71,73,0.89,AU,1608196665
421,Moerai,-22.43,-151.33,26.33,80,100,7.93,PF,1608196666
422,San Ramon,37.78,-121.98,12.0,81,90,1.5,US,1608196660
423,San Javier,37.81,-0.84,14.44,100,0,2.6,ES,1608196669
424,Huangmei,30.19,116.03,6.56,58,100,2.87,CN,1608196557
425,Rocha,-34.48,-54.33,14.14,96,8,1.93,UY,1608196671
426,Najrān,17.49,44.13,23.0,14,0,2.1,SA,1608196672
427,Sobolevo,54.43,31.9,1.44,96,100,4.43,RU,1608196674
428,Goderich,43.75,-81.72,-5.0,79,99,6.2,CA,1608196579
429,Burnie,-41.07,145.92,16.11,92,78,0.89,AU,1608196427
430,Vallenar,-28.57,-70.76,14.27,79,0,0.82,CL,1608196587
431,Henties Bay,-22.12,14.28,18.89,83,75,2.68,NA,1608196680
432,Ayagoz,47.97,80.44,-13.55,92,38,2.3,KZ,1608196512
433,Nurota,40.56,65.69,7.0,42,0,6.2,UZ,1608196462
434,Altamont,42.21,-121.74,2.0,93,90,1.34,US,1608196683
435,Maragogi,-9.01,-35.22,25.07,80,15,2.28,BR,1608196546
436,Marawi,8.0,124.29,27.22,82,100,0.89,PH,1608196457
437,Lenoir City,35.8,-84.26,3.33,88,85,2.73,US,1608196687
438,Binzhou,37.37,118.02,5.0,35,97,1.89,CN,1608196688
439,Xiantao,30.38,113.4,7.65,52,100,2.03,CN,1608196434
440,Kiryat Gat,31.61,34.76,15.0,100,6,3.76,IL,1608196692
441,High Level,58.52,-117.14,-27.0,75,90,5.7,CA,1608196693
442,Ostrovnoy,68.05,39.51,-2.92,95,99,2.73,RU,1608196555
443,College,64.86,-147.8,-20.0,44,40,3.1,US,1608196696
444,Kalasin,16.5,103.5,30.56,85,3,4.98,TH,1608196450
445,Port-Cartier,50.03,-66.87,-15.0,65,36,4.6,CA,1608196698
446,Le Robert,14.68,-60.94,24.44,94,40,0.5,MQ,1608196660
447,Worthington,40.09,-83.02,-0.56,94,68,2.91,US,1608196700
448,Farafenni,13.57,-15.6,24.52,18,82,4.99,GM,1608196580
449,Vila Franca do Campo,37.72,-25.43,17.0,93,40,8.7,PT,1608196703
450,Grand Gaube,-20.01,57.66,28.33,71,20,5.36,MU,1608196651
451,Bodrum,37.04,27.43,16.0,67,0,1.0,TR,1608196454
452,Sabang,5.89,95.32,26.82,77,100,5.14,ID,1608196706
453,Pakhtakoron,40.16,68.75,6.94,48,0,6.25,TJ,1608196708
454,Ivanteyevka,55.97,37.92,1.11,92,90,7.0,RU,1608196709
455,Micheweni,-4.97,39.83,28.75,70,32,4.39,TZ,1608196710
456,Farafangana,-22.82,47.83,29.13,66,12,4.92,MG,1608196659
457,Sovetskiy,61.36,63.58,-9.05,94,36,3.25,RU,1608196650
458,La Plata,-34.92,-57.95,20.0,89,0,1.34,AR,1608196665
459,Stromness,58.97,-3.3,8.0,81,75,6.2,GB,1608196621
460,Oistins,13.07,-59.53,26.0,83,40,6.2,BB,1608196716
461,Nadym,65.53,72.52,-14.45,94,97,8.61,RU,1608196632
462,Dudinka,69.41,86.18,-20.0,83,100,12.0,RU,1608196556
463,Pinyug,60.25,47.78,-4.76,98,100,3.83,RU,1608196721
464,Haines Junction,60.75,-137.51,-20.0,83,96,0.84,CA,1608196722
465,Japura,-0.32,102.35,28.71,85,95,1.39,ID,1608196723
466,Bahía Blanca,-38.72,-62.27,19.27,29,0,4.52,AR,1608196430
467,Yabēlo,4.88,38.08,23.3,23,19,5.47,ET,1608196726
468,Glace Bay,46.2,-59.96,-3.89,73,90,2.6,CA,1608196661
469,Chiang Klang,19.29,100.86,31.0,48,20,2.6,TH,1608196728
470,Jaru,-10.44,-62.47,21.92,91,61,0.84,BR,1608196729
471,Verkhoyansk,67.54,133.38,-38.91,79,65,0.28,RU,1608196556
472,Yanam,16.73,82.22,31.0,58,81,2.6,IN,1608196732
473,Vila,42.03,-8.16,4.44,96,93,0.89,PT,1608196733
474,Bilma,18.69,12.92,22.67,22,0,4.99,NE,1608196574
475,Amahai,-3.33,128.92,28.99,76,100,2.09,ID,1608196735
476,Riyadh,24.69,46.72,22.0,28,0,3.6,SA,1608196506
477,Mukhen,48.1,136.1,-17.4,86,96,3.91,RU,1608196738
478,Belyy Yar,53.6,91.39,-4.0,62,0,6.0,RU,1608196739
479,Abbeville,50.1,1.83,7.78,73,3,4.83,FR,1608196740
480,Markala,13.7,-6.07,29.13,15,20,4.56,ML,1608196562
481,Chapecó,-27.1,-52.62,19.0,100,75,3.1,BR,1608196742
482,São João da Barra,-21.64,-41.05,23.76,85,99,6.92,BR,1608196745
483,Uglovoye,44.82,33.6,5.51,77,100,2.16,UA,1608196747
484,Calvinia,-31.47,19.78,30.0,19,7,2.6,ZA,1608196653
485,Panguna,-6.32,155.48,21.95,99,99,0.22,PG,1608196751
486,Ambunti,-4.24,142.84,26.47,81,47,0.19,PG,1608196753
487,Zharkent,44.16,80.0,-6.87,85,0,0.5,KZ,1608196512
488,Santa Cruz,30.42,-9.6,12.0,93,20,2.1,MA,1608196491
489,Ceuta,35.89,-5.31,12.0,93,20,3.1,ES,1608196757
490,Verkhniy Lomov,53.47,43.55,-4.85,97,100,6.03,RU,1608196758
491,Penzance,50.12,-5.54,10.0,93,20,6.7,GB,1608196760
492,Burlington,39.88,-74.64,1.0,100,90,9.8,US,1608196761
493,Saint-Ambroise,48.55,-71.33,-28.0,82,89,1.5,CA,1608196763
494,Vestmannaeyjar,63.44,-20.27,5.0,70,20,3.6,IS,1608196764
495,Zeya,53.75,127.27,-20.52,84,100,1.93,RU,1608196636
496,Kisangani,0.52,25.2,33.86,44,44,0.9,CD,1608196766
497,Mindif,10.4,14.44,29.22,16,0,4.8,CM,1608196767
498,Batagay,67.63,134.63,-39.64,79,48,0.48,RU,1608196769
499,Springbok,-29.66,17.89,30.42,12,0,2.48,ZA,1608196770
500,Ayan,56.45,138.17,-20.03,88,2,7.72,RU,1608196560
501,Kununurra,-15.77,128.73,27.0,88,79,8.83,AU,1608196666
502,Cobija,-11.03,-68.77,21.26,96,78,0.39,BO,1608196773
503,Ningxiang,37.34,111.21,-7.05,77,83,4.14,CN,1608196582
504,Ambilobe,-13.2,49.05,33.4,45,4,2.49,MG,1608196776
505,Pedernales,18.04,-71.74,23.9,65,41,1.4,DO,1608196777
506,Aljezur,37.32,-8.8,10.0,14,37,2.87,PT,1608196778
507,Kabwe,-14.45,28.45,24.61,71,91,2.62,ZM,1608196780
508,Tilichiki,60.47,166.1,-16.9,94,97,5.14,RU,1608196556
509,Lashio,22.93,97.75,24.7,50,42,1.85,MM,1608196782
510,Sawākin,19.11,37.33,23.82,74,96,6.69,SD,1608196783
511,Kyzyl,51.7,94.45,-12.89,93,100,0.2,RU,1608196784
512,Biak,-0.91,122.88,28.39,74,97,1.55,ID,1608196786
513,Rumoi,43.93,141.64,-5.46,92,100,6.34,JP,1608196702
514,Santiago,-33.46,-70.65,15.56,47,0,1.0,CL,1608196788
515,Plouzané,48.38,-4.62,10.0,93,40,4.6,FR,1608196789
516,Khandyga,62.67,135.6,-44.38,76,90,0.65,RU,1608196556
517,Linhares,-19.39,-40.07,22.0,92,87,0.83,BR,1608196543
518,Mocuba,-16.84,36.99,33.39,50,100,2.43,MZ,1608196793
519,Novoagansk,61.94,76.66,-9.52,96,99,4.61,RU,1608196794
520,Muros,42.78,-9.06,11.11,89,68,3.58,ES,1608196797
521,Rapid Valley,44.06,-103.15,0.56,68,1,1.5,US,1608196798
522,Rauma,61.13,21.51,0.0,90,90,1.0,FI,1608196630
523,Trincomalee,8.57,81.23,26.93,81,77,4.02,LK,1608196800
524,Mwinilunga,-11.74,24.43,25.32,63,10,3.83,ZM,1608196802
525,Dicabisagan,17.08,122.42,25.0,83,93,4.59,PH,1608196803
526,Khirkiya,22.17,76.86,27.07,38,0,3.66,IN,1608196804
527,Porto Velho,-8.76,-63.9,24.0,94,0,0.46,BR,1608196543
528,Bambanglipuro,-7.95,110.28,19.44,95,100,3.9,ID,1608196806
529,Jacareacanga,-6.22,-57.75,22.06,96,66,0.1,BR,1608196808
530,Malanje,-9.54,16.34,22.0,88,75,4.1,AO,1608196809
531,Chaohu,31.6,117.87,7.0,26,0,3.0,CN,1608196560
532,Qandala,11.47,49.87,25.79,72,62,4.09,SO,1608196635
533,Melito di Porto Salvo,37.92,15.77,17.0,55,90,1.5,IT,1608196812
534,Lázaro Cárdenas,17.96,-102.2,21.65,84,90,2.1,MX,1608196814
535,Saint George,37.1,-113.58,-1.0,54,1,1.5,US,1608196815
536,Claveria,18.61,121.08,24.51,85,99,7.59,PH,1608196816
537,Nelson Bay,-32.72,152.15,26.0,88,96,3.6,AU,1608196817
538,San Cristobal,7.77,-72.22,17.15,89,96,0.96,VE,1608196520
539,Shirokiy,49.76,129.52,-24.1,87,2,2.55,RU,1608196820
540,Saint-Augustin,51.23,-58.65,-5.74,91,100,5.07,CA,1608196821
541,Alofi,-19.06,-169.92,24.0,94,100,1.0,NU,1608196663
542,Brae,60.4,-1.35,9.0,87,40,11.3,GB,1608196545
543,Bahraich,27.58,81.6,21.02,23,0,4.75,IN,1608196826
544,Phichit,16.25,100.42,32.78,44,89,0.67,TH,1608196827
545,Yaan,7.38,8.57,30.53,36,87,2.44,NG,1608196828
546,Uglekamensk,43.22,133.23,-12.45,82,1,1.12,RU,1608196829
547,Basco,20.45,121.97,24.0,82,100,11.92,PH,1608196830
548,Richards Bay,-28.78,32.04,28.92,46,69,4.11,ZA,1608196832
549,Nuuk,64.18,-51.72,-4.0,68,20,2.1,GL,1608196833
550,Itaituba,-4.28,-55.98,21.87,89,81,0.57,BR,1608196549
551,Bereda,43.27,-7.54,6.67,99,64,2.24,ES,1608196836
552,Moses Lake,47.13,-119.28,4.0,86,90,2.1,US,1608196674
553,Kyshtovka,56.55,76.63,-7.75,95,100,6.44,RU,1608196558
554,Namatanai,-3.67,152.43,27.97,75,98,2.84,PG,1608196841
555,Barabash,43.2,131.48,-9.0,40,0,2.0,RU,1608196842
556,Chimbote,-9.09,-78.58,19.67,85,98,2.54,PE,1608196844
557,Hofn,64.25,-15.21,5.0,80,90,6.2,IS,1608196845
558,Jinxiang,27.43,120.61,7.86,84,100,5.06,CN,1608196762
559,Ouango,4.31,22.56,33.75,16,75,2.85,CF,1608196848
560,Velikiy Ustyug,60.76,46.31,-3.78,97,100,2.74,RU,1608196653
561,Vilyuysk,63.76,121.62,-35.5,84,87,2.27,RU,1608196851
562,Takaka,-40.85,172.8,15.0,85,1,0.9,NZ,1608196841
563,Santa Cruz de la Sierra,-17.8,-63.17,23.0,94,75,2.1,BO,1608196664
564,Karasburg,-28.02,18.75,31.51,12,0,2.75,NA,1608196854
565,Phalaborwa,-23.94,31.14,25.0,69,100,3.6,ZA,1608196584
566,Turukhansk,65.82,87.98,-20.65,91,100,6.76,RU,1608196857
567,Rome,43.21,-75.46,-7.0,79,90,3.94,US,1608196597
568,Balkanabat,39.51,54.37,9.07,49,100,0.86,TM,1608196859
569,Pitsunda,43.16,40.34,8.0,75,90,4.0,GE,1608196860
570,Taltal,-25.4,-70.48,15.63,78,58,1.01,CL,1608196862
571,Juba,4.85,31.58,35.49,14,62,4.7,SS,1608196863
572,Walvis Bay,-22.96,14.51,20.0,68,75,4.6,NA,1608196864
573,Matara,5.95,80.54,29.0,62,91,3.24,LK,1608196865
574,Chenzhou,25.8,113.03,2.61,85,100,1.6,CN,1608196866
575,Tairua,-37.02,175.85,18.33,87,0,1.79,NZ,1608196868
576,Roquetas de Mar,36.76,-2.61,15.0,62,0,3.6,ES,1608196869
577,Tigil',57.8,158.67,-8.55,95,100,3.7,RU,1608196870
578,El Dorado,38.77,-120.52,7.22,84,100,2.81,US,1608196871
579,Chātakonda,17.55,80.65,29.92,48,0,2.41,IN,1608196872
580,Kasongo-Lunda,-6.47,16.82,21.85,94,100,1.22,CD,1608196874
581,Lakselv,70.05,24.97,-14.0,84,0,2.1,NO,1608196620
582,Ust-Kuyga,70.02,135.6,-34.9,83,100,0.64,RU,1608196658
583,Kenai,60.55,-151.26,-4.44,85,90,5.1,US,1608196877
584,Mporokoso,-9.37,30.12,23.07,81,100,1.68,ZM,1608196878
585,Almaty,43.25,76.95,-9.0,85,75,3.0,KZ,1608196797
586,Darhan,49.49,105.92,-16.24,88,1,2.43,MN,1608196882
587,Semey,50.41,80.23,-14.0,77,0,3.0,KZ,1608196883
588,Arrondissement de Toul,48.67,5.92,9.0,93,0,4.1,FR,1608196884
589,Mabay,6.06,124.47,28.0,74,90,1.0,PH,1608196886
590,Kâhta,37.79,38.62,11.0,76,0,2.1,TR,1608196887
